2010,8,9,221,-999,-999
2010,8,10,222,1.56,1.74
2010,8,11,223,2.04,2.21
2010,8,12,224,0.74,0.83
2010,8,13,225,0.02,0.1
2010,8,14,226,3.92,4.03
2010,8,15,227,4.64,4.82
2010,8,16,228,2.56,2.65
2010,8,17,229,2.18,2.26
2010,8,18,230,2.29,2.68
2010,8,19,231,2.57,2.95
2010,8,20,232,4.93,5.46
2010,8,21,233,2.52,2.83
2010,8,22,234,2.24,2.54
2010,8,23,235,3.04,3.39
2010,8,24,236,3.31,3.66
2010,8,25,237,0.46,0.76
2010,8,26,238,0.58,0.77
2010,8,27,239,0.2,0.28
2010,8,28,240,0.79,0.89
2010,8,29,241,1.49,1.61
2010,8,30,242,2.09,2.21
2010,8,31,243,2.67,2.8
2010,9,1,244,1.3,1.46
2010,9,2,245,-999,-999
2010,9,3,246,-999,-999
2010,9,4,247,-999,-999
2010,9,5,248,-999,-999
2010,9,6,249,-999,-999
2010,9,7,250,-999,-999
2010,9,8,251,-999,-999
2010,9,9,252,-999,-999
2010,9,10,253,-999,-999
2010,9,11,254,-999,-999
2010,9,12,255,-999,-999
2010,9,13,256,-999,-999
2010,9,14,257,-999,-999
2010,9,15,258,-999,-999
2010,9,16,259,-999,-999
2010,9,17,260,-999,-999
2010,9,18,261,-999,-999
2010,9,19,262,-999,-999
2010,9,20,263,-999,-999
2010,9,21,264,-999,-999
2010,9,22,265,-999,-999
2010,9,23,266,-999,-999
2010,9,24,267,-999,-999
2010,9,25,268,-999,-999
2010,9,26,269,-999,-999
2010,9,27,270,-999,-999
2010,9,28,271,-999,-999
2010,9,29,272,-999,-999
2010,9,30,273,-999,-999
2010,10,1,274,-999,-999
2010,10,2,275,-999,-999
2010,10,3,276,-999,-999
2010,10,4,277,-999,-999
2010,10,5,278,-999,-999
2010,10,6,279,-999,-999
2010,10,7,280,-999,-999
2010,10,8,281,-999,-999
2010,10,9,282,-999,-999
2010,10,10,283,-999,-999
2010,10,11,284,-999,-999
2010,10,12,285,-999,-999
2010,10,13,286,-999,-999
2010,10,14,287,-999,-999
2010,10,15,288,-999,-999
2010,10,16,289,-999,-999
2010,10,17,290,-999,-999
2010,10,18,291,-999,-999
2010,10,19,292,-999,-999
2010,10,20,293,-999,-999
2010,10,21,294,-999,-999
2010,10,22,295,-999,-999
2010,10,23,296,-999,-999
2010,10,24,297,-999,-999
2010,10,25,298,-999,-999
2010,10,26,299,-999,-999
2010,10,27,300,-999,-999
2010,10,28,301,-999,-999
2010,10,29,302,-999,-999
2010,10,30,303,-999,-999
2010,10,31,304,-999,-999
2010,11,1,305,-999,-999
2010,11,2,306,-999,-999
2010,11,3,307,-999,-999
2010,11,4,308,-999,-999
2010,11,5,309,-999,-999
2010,11,6,310,-999,-999
2010,11,7,311,-999,-999
2010,11,8,312,-999,-999
2010,11,9,313,-999,-999
2010,11,10,314,-999,-999
2010,11,11,315,-999,-999
2010,11,12,316,-999,-999
2010,11,13,317,-999,-999
2010,11,14,318,-999,-999
2010,11,15,319,-999,-999
2010,11,16,320,-999,-999
2010,11,17,321,-999,-999
2010,11,18,322,-999,-999
2010,11,19,323,-999,-999
2010,11,20,324,-999,-999
2010,11,21,325,-999,-999
2010,11,22,326,-999,-999
2010,11,23,327,-999,-999
2010,11,24,328,-999,-999
2010,11,25,329,-999,-999
2010,11,26,330,-999,-999
2010,11,27,331,-999,-999
2010,11,28,332,-999,-999
2010,11,29,333,-999,-999
2010,11,30,334,-999,-999
2010,12,1,335,-999,-999
2010,12,2,336,-999,-999
2010,12,3,337,-999,-999
2010,12,4,338,-999,-999
2010,12,5,339,-999,-999
2010,12,6,340,-999,-999
2010,12,7,341,-999,-999
2010,12,8,342,-999,-999
2010,12,9,343,-999,-999
2010,12,10,344,-999,-999
2010,12,11,345,-999,-999
2010,12,12,346,-999,-999
2010,12,13,347,-999,-999
2010,12,14,348,-999,-999
2010,12,15,349,-999,-999
2010,12,16,350,-999,-999
2010,12,17,351,-999,-999
2010,12,18,352,-999,-999
2010,12,19,353,-999,-999
2010,12,20,354,-999,-999
2010,12,21,355,-999,-999
2010,12,22,356,-999,-999
2010,12,23,357,-999,-999
2010,12,24,358,-999,-999
2010,12,25,359,-999,-999
2010,12,26,360,-999,-999
2010,12,27,361,-999,-999
2010,12,28,362,-999,-999
2010,12,29,363,-999,-999
2010,12,30,364,-999,-999
2010,12,31,365,-999,-999
2011,1,1,1,-999,-999
2011,1,2,2,-999,-999
2011,1,3,3,-999,-999
2011,1,4,4,-999,-999
2011,1,5,5,-999,-999
2011,1,6,6,-999,-999
2011,1,7,7,-999,-999
2011,1,8,8,-999,-999
2011,1,9,9,-999,-999
2011,1,10,10,-999,-999
2011,1,11,11,-999,-999
2011,1,12,12,-999,-999
2011,1,13,13,-999,-999
2011,1,14,14,-999,-999
2011,1,15,15,-999,-999
2011,1,16,16,-999,-999
2011,1,17,17,-999,-999
2011,1,18,18,-999,-999
2011,1,19,19,-999,-999
2011,1,20,20,-999,-999
2011,1,21,21,-999,-999
2011,1,22,22,-999,-999
2011,1,23,23,-999,-999
2011,1,24,24,-999,-999
2011,1,25,25,-999,-999
2011,1,26,26,-999,-999
2011,1,27,27,-999,-999
2011,1,28,28,-999,-999
2011,1,29,29,-999,-999
2011,1,30,30,-999,-999
2011,1,31,31,-999,-999
2011,2,1,32,-999,-999
2011,2,2,33,-999,-999
2011,2,3,34,-999,-999
2011,2,4,35,-999,-999
2011,2,5,36,-999,-999
2011,2,6,37,-999,-999
2011,2,7,38,-999,-999
2011,2,8,39,-999,-999
2011,2,9,40,-999,-999
2011,2,10,41,-999,-999
2011,2,11,42,-999,-999
2011,2,12,43,-999,-999
2011,2,13,44,-999,-999
2011,2,14,45,-999,-999
2011,2,15,46,-999,-999
2011,2,16,47,-999,-999
2011,2,17,48,-999,-999
2011,2,18,49,-999,-999
2011,2,19,50,-999,-999
2011,2,20,51,-999,-999
2011,2,21,52,-30.1,-999
2011,2,22,53,-999,-999
2011,2,23,54,-999,-999
2011,2,24,55,-999,-30.53
2011,2,25,56,-999,-999
2011,2,26,57,-999,-29.74
2011,2,27,58,-999,-28.75
2011,2,28,59,-999,-999
2011,3,1,60,-999,-999
2011,3,2,61,-999,-999
2011,3,3,62,-999,-999
2011,3,4,63,-999,-999
2011,3,5,64,-999,-999
2011,3,6,65,-999,-999
2011,3,7,66,-999,-25.86
2011,3,8,67,-999,-999
2011,3,9,68,-999,-999
2011,3,10,69,-999,-28.35
2011,3,11,70,-999,-999
2011,3,12,71,-999,-999
2011,3,13,72,-999,-999
2011,3,14,73,-999,-31.72
2011,3,15,74,-999,-33.42
2011,3,16,75,-999,-33.16
2011,3,17,76,-999,-30.93
2011,3,18,77,-999,-30.4
2011,3,19,78,-999,-30.56
2011,3,20,79,-999,-31.42
2011,3,21,80,-999,-30.89
2011,3,22,81,-999,-28.28
2011,3,23,82,-999,-999
2011,3,24,83,-999,-999
2011,3,25,84,-999,-999
2011,3,26,85,-999,-999
2011,3,27,86,-999,-999
2011,3,28,87,-999,-999
2011,3,29,88,-999,-999
2011,3,30,89,-999,-999
2011,3,31,90,-999,-999
2011,4,1,91,-999,-999
2011,4,2,92,-999,-999
2011,4,3,93,-999,-999
2011,4,4,94,-999,-999
2011,4,5,95,-999,-27.4
2011,4,6,96,-999,-26.56
2011,4,7,97,-999,-999
2011,4,8,98,-999,-27.19
2011,4,9,99,-999,-29.58
2011,4,10,100,-999,-28.38
2011,4,11,101,-999,-29.27
2011,4,12,102,-999,-999
2011,4,13,103,-999,-999
2011,4,14,104,-999,-999
2011,4,15,105,-999,-999
2011,4,16,106,-999,-999
2011,4,17,107,-999,-999
2011,4,18,108,-999,-999
2011,4,19,109,-999,-999
2011,4,20,110,-999,-999
2011,4,21,111,-999,-999
2011,4,22,112,-999,-999
2011,4,23,113,-999,-999
2011,4,24,114,-999,-999
2011,4,25,115,-999,-999
2011,4,26,116,-999,-999
2011,4,27,117,-999,-999
2011,4,28,118,-999,-999
2011,4,29,119,-999,-999
2011,4,30,120,-999,-999
2011,5,1,121,-999,-999
2011,5,2,122,-999,-999
2011,5,3,123,-999,-999
2011,5,4,124,-999,-999
2011,5,5,125,-999,-999
2011,5,6,126,-999,-999
2011,5,7,127,-999,-999
2011,5,8,128,-999,-999
2011,5,9,129,-999,-999
2011,5,10,130,-999,-999
2011,5,11,131,-999,-999
2011,5,12,132,-999,-999
2011,5,13,133,-999,-999
2011,5,14,134,-999,-999
2011,5,15,135,-999,-999
2011,5,16,136,-999,-999
2011,5,17,137,-999,-999
2011,5,18,138,-999,-999
2011,5,19,139,-999,-999
2011,5,20,140,-999,-999
2011,5,21,141,-999,-999
2011,5,22,142,-999,-999
2011,5,23,143,-999,-999
2011,5,24,144,-999,-999
2011,5,25,145,-999,-999
2011,5,26,146,-999,-999
2011,5,27,147,-999,-999
2011,5,28,148,-999,-999
2011,5,29,149,-999,-999
2011,5,30,150,-999,-999
2011,5,31,151,-999,-999
2011,6,1,152,-999,-999
2011,6,2,153,-999,-999
2011,6,3,154,-999,-999
2011,6,4,155,-999,-999
2011,6,5,156,-999,-999
2011,6,6,157,-999,-999
2011,6,7,158,-999,-999
2011,6,8,159,-999,-999
2011,6,9,160,-999,-999
2011,6,10,161,-999,-999
2011,6,11,162,-999,-999
2011,6,12,163,-999,-999
2011,6,13,164,-999,-999
2011,6,14,165,-999,-999
2011,6,15,166,-999,-999
2011,6,16,167,-999,-999
2011,6,17,168,1.6,1.82
2011,6,18,169,0.37,0.61
2011,6,19,170,1.18,1.34
2011,6,20,171,2.11,2.42
2011,6,21,172,2.3,2.57
2011,6,22,173,1.51,1.65
2011,6,23,174,1.63,1.86
2011,6,24,175,-1.04,-0.88
2011,6,25,176,-0.6,-0.32
2011,6,26,177,1.95,2.14
2011,6,27,178,2.8,3
2011,6,28,179,6.36,6.6
2011,6,29,180,4.62,4.81
2011,6,30,181,4.5,4.71
2011,7,1,182,4.23,4.43
2011,7,2,183,5.53,5.73
2011,7,3,184,6.4,6.56
2011,7,4,185,6.18,6.36
2011,7,5,186,3.52,3.63
2011,7,6,187,3.66,3.84
2011,7,7,188,3.6,3.74
2011,7,8,189,5.94,6.06
2011,7,9,190,2.61,2.7
2011,7,10,191,-1.65,-1.53
2011,7,11,192,-1.04,-0.87
2011,7,12,193,2.26,2.41
2011,7,13,194,2.92,3.08
2011,7,14,195,3.23,3.4
2011,7,15,196,3.71,3.88
2011,7,16,197,4.22,4.44
2011,7,17,198,3.4,3.59
2011,7,18,199,3.32,3.51
2011,7,19,200,3.73,3.95
2011,7,20,201,3.8,4.01
2011,7,21,202,1.76,1.96
2011,7,22,203,3.33,3.55
2011,7,23,204,3.82,4.02
2011,7,24,205,5.98,6.21
2011,7,25,206,5.03,5.23
2011,7,26,207,4.02,4.22
2011,7,27,208,4.55,4.81
2011,7,28,209,1.87,2.09
2011,7,29,210,2.25,2.39
2011,7,30,211,1.4,1.56
2011,7,31,212,1.1,1.22
2011,8,1,213,4.21,4.38
2011,8,2,214,3.97,4.15
2011,8,3,215,4.25,4.51
2011,8,4,216,2.24,2.45
2011,8,5,217,3.34,3.58
2011,8,6,218,5.28,5.63
2011,8,7,219,4.38,4.61
2011,8,8,220,3.01,3.2
2011,8,9,221,2.52,2.7
2011,8,10,222,3.15,3.37
2011,8,11,223,3.66,3.92
2011,8,12,224,2.57,2.77
2011,8,13,225,2.46,2.7
2011,8,14,226,0.67,0.98
2011,8,15,227,0.05,0.31
2011,8,16,228,0.3,0.56
2011,8,17,229,0.47,0.67
2011,8,18,230,0.55,0.73
2011,8,19,231,0.56,0.9
2011,8,20,232,-1.61,-1.43
2011,8,21,233,0.04,0.24
2011,8,22,234,1.11,1.4
2011,8,23,235,0.58,0.84
2011,8,24,236,-1.92,-1.72
2011,8,25,237,-0.6,-0.37
2011,8,26,238,-1.8,-1.63
2011,8,27,239,-0.37,-0.12
2011,8,28,240,-0.42,-0.24
2011,8,29,241,0.1,0.31
2011,8,30,242,-2.21,-2
2011,8,31,243,-1.14,-0.96
2011,9,1,244,-1.76,-1.46
2011,9,2,245,-2.88,-2.71
2011,9,3,246,-4.64,-4.46
2011,9,4,247,-6.6,-6.5
2011,9,5,248,-6.22,-6.06
2011,9,6,249,-6.15,-5.95
2011,9,7,250,-5.56,-5.47
2011,9,8,251,-7.59,-7.51
2011,9,9,252,-5.47,-5.35
2011,9,10,253,-4.08,-3.95
2011,9,11,254,-3.22,-3.13
2011,9,12,255,-2.33,-2.17
2011,9,13,256,-4.52,-4.39
2011,9,14,257,-7.44,-7.28
2011,9,15,258,-6.71,-6.53
2011,9,16,259,-4.45,-4.28
2011,9,17,260,-6.56,-6.43
2011,9,18,261,-8.59,-8.41
2011,9,19,262,-8.37,-8.29
2011,9,20,263,-8.5,-8.45
2011,9,21,264,-9.74,-9.65
2011,9,22,265,-11.89,-11.82
2011,9,23,266,-9.9,-9.84
2011,9,24,267,-9.6,-9.55
2011,9,25,268,-7.58,-7.51
2011,9,26,269,-6.1,-6.01
2011,9,27,270,-9.55,-9.4
2011,9,28,271,-8.53,-8.4
2011,9,29,272,-4.41,-4.22
2011,9,30,273,-3.75,-3.61
2011,10,1,274,-4.66,-4.51
2011,10,2,275,-5.84,-5.7
2011,10,3,276,-6.86,-6.72
2011,10,4,277,-12.23,-12.14
2011,10,5,278,-12.03,-11.97
2011,10,6,279,-9.09,-9
2011,10,7,280,-6.78,-6.61
2011,10,8,281,-9.75,-9.63
2011,10,9,282,-14.19,-13.71
2011,10,10,283,-12.52,-12.5
2011,10,11,284,-14.92,-14.43
2011,10,12,285,-20.28,-18.88
2011,10,13,286,-19.92,-18.47
2011,10,14,287,-17.76,-17.17
2011,10,15,288,-15.58,-15.39
2011,10,16,289,-13.1,-12.92
2011,10,17,290,-10.48,-10.43
2011,10,18,291,-14.21,-13.77
2011,10,19,292,-13.12,-13.01
2011,10,20,293,-14.88,-14.5
2011,10,21,294,-15.96,-15.23
2011,10,22,295,-16.12,-15.76
2011,10,23,296,-14.65,-14.37
2011,10,24,297,-17.99,-17.5
2011,10,25,298,-18.14,-17.44
2011,10,26,299,-14.52,-14.38
2011,10,27,300,-16.08,-15.91
2011,10,28,301,-13.47,-13.25
2011,10,29,302,-17.97,-17.65
2011,10,30,303,-16.71,-16.64
2011,10,31,304,-18.07,-17.89
2011,11,1,305,-19.88,-19.26
2011,11,2,306,-18.49,-18.14
2011,11,3,307,-16.25,-16.2
2011,11,4,308,-18.24,-18.06
2011,11,5,309,-25.1,-23.7
2011,11,6,310,-24.39,-23.18
2011,11,7,311,-22.42,-21.35
2011,11,8,312,-22.31,-21.16
2011,11,9,313,-19.57,-19.22
2011,11,10,314,-22.19,-21.13
2011,11,11,315,-22.83,-21.7
2011,11,12,316,-20.49,-19.87
2011,11,13,317,-12.18,-12.06
2011,11,14,318,-7.16,-6.95
2011,11,15,319,-10.56,-10.53
2011,11,16,320,-9.91,-9.82
2011,11,17,321,-7.83,-7.81
2011,11,18,322,-5.93,-5.83
2011,11,19,323,-3.84,-3.69
2011,11,20,324,-5.72,-5.71
2011,11,21,325,-10.36,-10.31
2011,11,22,326,-12.64,-12.57
2011,11,23,327,-13.75,-13.69
2011,11,24,328,-15.16,-15.08
2011,11,25,329,-16.25,-16.18
2011,11,26,330,-16.52,-16.47
2011,11,27,331,-17.08,-16.98
2011,11,28,332,-21.04,-20.34
2011,11,29,333,-23.78,-22.42
2011,11,30,334,-21.16,-20.02
2011,12,1,335,-20.96,-19.57
2011,12,2,336,-23.54,-22.39
2011,12,3,337,-23.62,-22.61
2011,12,4,338,-22.97,-21.75
2011,12,5,339,-24.66,-23.37
2011,12,6,340,-27.37,-26.01
2011,12,7,341,-25.89,-24.42
2011,12,8,342,-22.42,-21.07
2011,12,9,343,-16.08,-15.47
2011,12,10,344,-18.6,-17.86
2011,12,11,345,-18.47,-17.77
2011,12,12,346,-18.87,-18.1
2011,12,13,347,-24.22,-22.82
2011,12,14,348,-22.67,-21.41
2011,12,15,349,-17.7,-17.22
2011,12,16,350,-19.63,-18.71
2011,12,17,351,-18.3,-17.1
2011,12,18,352,-13.78,-13.63
2011,12,19,353,-16.96,-16.67
2011,12,20,354,-18.92,-18.32
2011,12,21,355,-21.3,-20.05
2011,12,22,356,-22.73,-21.48
2011,12,23,357,-27.09,-25.53
2011,12,24,358,-29.54,-28.43
2011,12,25,359,-24.64,-23.47
2011,12,26,360,-27.61,-27.22
2011,12,27,361,-25.36,-24.87
2011,12,28,362,-22.34,-21.49
2011,12,29,363,-23.61,-22.85
2011,12,30,364,-26.85,-26.35
2011,12,31,365,-29.3,-28.62
2012,1,1,1,-32.26,-31.61
2012,1,2,2,-32.22,-31.6
2012,1,3,3,-31.29,-30.67
2012,1,4,4,-31.05,-30.71
2012,1,5,5,-29.18,-28.87
2012,1,6,6,-27.42,-27.06
2012,1,7,7,-27.4,-26.97
2012,1,8,8,-22.08,-21.06
2012,1,9,9,-24.08,-23.38
2012,1,10,10,-27.25,-26.11
2012,1,11,11,-26.58,-26.09
2012,1,12,12,-22.24,-21.37
2012,1,13,13,-19.26,-17.87
2012,1,14,14,-21.48,-20.49
2012,1,15,15,-24.65,-23.96
2012,1,16,16,-22.92,-22
2012,1,17,17,-17.24,-16.28
2012,1,18,18,-16.68,-16.09
2012,1,19,19,-24.32,-23.45
2012,1,20,20,-20.49,-19.11
2012,1,21,21,-24.05,-23.48
2012,1,22,22,-20.1,-18.98
2012,1,23,23,-16.06,-14.97
2012,1,24,24,-21.59,-20.26
2012,1,25,25,-26.87,-25.35
2012,1,26,26,-24.22,-22.74
2012,1,27,27,-20.39,-19.52
2012,1,28,28,-24.16,-22.86
2012,1,29,29,-22.95,-21.55
2012,1,30,30,-24.55,-23.11
2012,1,31,31,-23.64,-22.24
2012,2,1,32,-21.55,-20.45
2012,2,2,33,-24.91,-23.58
2012,2,3,34,-23.26,-21.85
2012,2,4,35,-22.32,-21.19
2012,2,5,36,-20.3,-19.06
2012,2,6,37,-17.29,-16.01
2012,2,7,38,-14.28,-13.44
2012,2,8,39,-9.83,-9.75
2012,2,9,40,-13.72,-13.11
2012,2,10,41,-18.19,-16.96
2012,2,11,42,-21.89,-21.63
2012,2,12,43,-21.6,-21.57
2012,2,13,44,-22.87,-22.83
2012,2,14,45,-20.98,-20.21
2012,2,15,46,-18.21,-16.81
2012,2,16,47,-22.02,-20.62
2012,2,17,48,-23.19,-21.97
2012,2,18,49,-22.22,-21.13
2012,2,19,50,-27.44,-26.54
2012,2,20,51,-31.13,-30.57
2012,2,21,52,-31.66,-31.19
2012,2,22,53,-32.85,-32.45
2012,2,23,54,-31.43,-30.98
2012,2,24,55,-34.72,-34.41
2012,2,25,56,-34.56,-34.35
2012,2,26,57,-33.9,-33.56
2012,2,27,58,-32.55,-32.16
2012,2,28,59,-34.31,-33.91
2012,2,29,60,-37.34,-37.02
2012,3,1,61,-36.79,-36.46
2012,3,2,62,-35.82,-35.56
2012,3,3,63,-33.34,-33.04
2012,3,4,64,-31.12,-30.71
2012,3,5,65,-31.66,-31.39
2012,3,6,66,-34.05,-33.73
2012,3,7,67,-35.09,-34.82
2012,3,8,68,-35.83,-35.47
2012,3,9,69,-36.49,-36.13
2012,3,10,70,-35.63,-35.29
2012,3,11,71,-34.99,-34.66
2012,3,12,72,-34.39,-34.08
2012,3,13,73,-32.08,-31.74
2012,3,14,74,-31.77,-31.48
2012,3,15,75,-29.37,-29.04
2012,3,16,76,-21.06,-19.96
2012,3,17,77,-16.25,-15.05
2012,3,18,78,-14.94,-13.96
2012,3,19,79,-18.4,-16.92
2012,3,20,80,-22.44,-21.47
2012,3,21,81,-22.52,-21.56
2012,3,22,82,-22.98,-22.11
2012,3,23,83,-22.28,-21.27
2012,3,24,84,-17.98,-16.65
2012,3,25,85,-18.75,-17.36
2012,3,26,86,-22.11,-20.8
2012,3,27,87,-24.96,-23.47
2012,3,28,88,-26.63,-25.37
2012,3,29,89,-24.96,-24.28
2012,3,30,90,-24.11,-23.32
2012,3,31,91,-18.43,-17.17
2012,4,1,92,-9.47,-8.9
2012,4,2,93,-9.45,-9.31
2012,4,3,94,-10.51,-10.37
2012,4,4,95,-14.39,-13.77
2012,4,5,96,-12.39,-11.87
2012,4,6,97,-15.88,-14.94
2012,4,7,98,-15.29,-14.52
2012,4,8,99,-16.11,-15.56
2012,4,9,100,-19.35,-18.09
2012,4,10,101,-19.42,-18.05
2012,4,11,102,-18.93,-17.61
2012,4,12,103,-19.89,-18.51
2012,4,13,104,-19.11,-17.71
2012,4,14,105,-17.51,-16.41
2012,4,15,106,-13.68,-13.16
2012,4,16,107,-8.92,-8.79
2012,4,17,108,-5.33,-5.18
2012,4,18,109,-6.3,-6.16
2012,4,19,110,-10.95,-10.86
2012,4,20,111,-14.3,-14.05
2012,4,21,112,-16.51,-16.18
2012,4,22,113,-17.79,-17.33
2012,4,23,114,-18.05,-17.52
2012,4,24,115,-20.34,-19.18
2012,4,25,116,-18.81,-18.05
2012,4,26,117,-19.2,-18.24
2012,4,27,118,-19.5,-18.39
2012,4,28,119,-21.19,-19.76
2012,4,29,120,-21.02,-19.71
2012,4,30,121,-16.59,-15.9
2012,5,1,122,-17.88,-17.05
2012,5,2,123,-13.8,-13.42
2012,5,3,124,-8.89,-8.78
2012,5,4,125,-6.22,-6.07
2012,5,5,126,-4.04,-3.84
2012,5,6,127,-4.57,-4.24
2012,5,7,128,-7.14,-6.82
2012,5,8,129,-11.83,-11.67
2012,5,9,130,-9.64,-9.37
2012,5,10,131,-7.32,-7.1
2012,5,11,132,-6.66,-6.42
2012,5,12,133,-8.2,-7.86
2012,5,13,134,-10.63,-10.5
2012,5,14,135,-9.53,-9.4
2012,5,15,136,-5.84,-5.55
2012,5,16,137,-8.81,-8.84
2012,5,17,138,-6.52,-6.62
2012,5,18,139,-5.41,-5.43
2012,5,19,140,-7.22,-7.07
2012,5,20,141,-9.47,-9.26
2012,5,21,142,-9.08,-8.75
2012,5,22,143,-10.98,-10.79
2012,5,23,144,-7.18,-7.02
2012,5,24,145,-6.5,-6.6
2012,5,25,146,-5.98,-5.69
2012,5,26,147,-8.47,-8.16
2012,5,27,148,-7.63,-7.61
2012,5,28,149,-3.39,-3.49
2012,5,29,150,1.03,0.44
2012,5,30,151,3.75,2.85
2012,5,31,152,-0.76,-0.92
2012,6,1,153,1.44,1.39
2012,6,2,154,4.63,-999
2012,6,3,155,1.51,0.72
2012,6,4,156,-0.39,-0.79
2012,6,5,157,-2.15,-2.11
2012,6,6,158,-3.11,-2.67
2012,6,7,159,-1.56,-0.91
2012,6,8,160,-2.36,-1.64
2012,6,9,161,-2.02,-1.91
2012,6,10,162,0.24,0.82
2012,6,11,163,0.53,0.82
2012,6,12,164,0.66,1.16
2012,6,13,165,0.97,0.99
2012,6,14,166,0.56,0.44
2012,6,15,167,-2.84,-3.02
2012,6,16,168,-3.16,-3.38
2012,6,17,169,-2.55,-2.47
2012,6,18,170,-0.63,-0.96
2012,6,19,171,-0.35,-0.66
2012,6,20,172,-0.59,-0.79
2012,6,21,173,-3.04,-3.29
2012,6,22,174,-1.8,-2
2012,6,23,175,-0.7,-0.75
2012,6,24,176,1.75,1.6
2012,6,25,177,0.91,0.4
2012,6,26,178,2.17,1.45
2012,6,27,179,5.8,5.55
2012,6,28,180,5.39,4.96
2012,6,29,181,5.32,4.99
2012,6,30,182,5.06,4.88
2012,7,1,183,4.02,4.36
2012,7,2,184,3.78,4.2
2012,7,3,185,2.15,2.3
2012,7,4,186,2.67,2.57
2012,7,5,187,1.84,1.39
2012,7,6,188,2.77,2.13
2012,7,7,189,2.2,1.83
2012,7,8,190,1.81,1.61
2012,7,9,191,4.06,3.98
2012,7,10,192,3.45,3.01
2012,7,11,193,3.26,2.45
2012,7,12,194,3.64,2.97
2012,7,13,195,3.47,3.04
2012,7,14,196,3.54,3.17
2012,7,15,197,3.42,3.06
2012,7,16,198,4.48,4.27
2012,7,17,199,4.45,4.18
2012,7,18,200,4.34,4.1
2012,7,19,201,4.42,4.31
2012,7,20,202,3.67,3.44
2012,7,21,203,2.06,1.93
2012,7,22,204,3.28,3.06
2012,7,23,205,1.92,1.67
2012,7,24,206,1.28,-999
2012,7,25,207,1.14,0.87
2012,7,26,208,1.37,1.15
2012,7,27,209,3.13,2.67
2012,7,28,210,1.68,1.05
2012,7,29,211,1.22,0.9
2012,7,30,212,2.53,2.6
2012,7,31,213,4.06,4.09
2012,8,1,214,3.86,3.76
2012,8,2,215,4.61,4.55
2012,8,3,216,3.68,3.58
2012,8,4,217,4,4.03
2012,8,5,218,5.23,5.23
2012,8,6,219,3.09,3.02
2012,8,7,220,2.08,2.15
2012,8,8,221,0.71,0.88
2012,8,9,222,-0.36,-0.17
2012,8,10,223,-0.04,0.05
2012,8,11,224,-0.22,-0.22
2012,8,12,225,0.4,0.2
2012,8,13,226,0.36,-0.01
2012,8,14,227,-1.72,-1.55
2012,8,15,228,-2.1,-2.17
2012,8,16,229,1.67,1.1
2012,8,17,230,0.14,-0.04
2012,8,18,231,-2.45,-2.56
2012,8,19,232,-2.39,-2.41
2012,8,20,233,0.92,0.51
2012,8,21,234,1.07,0.45
2012,8,22,235,1.87,0.95
2012,8,23,236,0.52,-0.56
2012,8,24,237,-0.18,-0.12
2012,8,25,238,-0.86,-0.79
2012,8,26,239,-0.59,-0.37
2012,8,27,240,-0.79,-0.64
2012,8,28,241,-1.24,-1.05
2012,8,29,242,-4.37,-4.2
2012,8,30,243,-3.59,-3.44
2012,8,31,244,-2.75,-2.66
2012,9,1,245,-2.11,-2.1
2012,9,2,246,-2.77,-2.77
2012,9,3,247,-3.68,-3.62
2012,9,4,248,-3.72,-3.87
2012,9,5,249,-4.83,-4.98
2012,9,6,250,-5.81,-5.74
2012,9,7,251,-6.03,-6.16
2012,9,8,252,-4.41,-4.53
2012,9,9,253,-2.88,-3.9
2012,9,10,254,-3.64,-4.34
2012,9,11,255,-3.94,-4.15
2012,9,12,256,-2.41,-3.33
2012,9,13,257,-1.51,-999
2012,9,14,258,-4.09,-4.19
2012,9,15,259,-4.02,-4.43
2012,9,16,260,-3.59,-4.26
2012,9,17,261,-3.52,-4.3
2012,9,18,262,-3.2,-3.3
2012,9,19,263,-3.65,-3.86
2012,9,20,264,-4.16,-4.81
2012,9,21,265,-4.54,-4.61
2012,9,22,266,-4.04,-4.36
2012,9,23,267,-4.5,-4.72
2012,9,24,268,-6.91,-6.97
2012,9,25,269,-6.24,-6.35
2012,9,26,270,-2.19,-3.01
2012,9,27,271,-3.94,-4.17
2012,9,28,272,-3.78,-3.87
2012,9,29,273,-6.7,-6.78
2012,9,30,274,-7.58,-7.71
2012,10,1,275,-9.68,-9.79
2012,10,2,276,-8.79,-8.91
2012,10,3,277,-4.77,-5.55
2012,10,4,278,-5.43,-6.04
2012,10,5,279,-9.32,-9.44
2012,10,6,280,-9.75,-9.83
2012,10,7,281,-8.71,-8.86
2012,10,8,282,-11.34,-11.44
2012,10,9,283,-13.78,-13.88
2012,10,10,284,-11.78,-11.96
2012,10,11,285,-9.68,-9.99
2012,10,12,286,-10.16,-10.44
2012,10,13,287,-6.69,-6.83
2012,10,14,288,-6.81,-6.97
2012,10,15,289,-6.07,-6.14
2012,10,16,290,-3.18,-3.38
2012,10,17,291,-5.23,-5.3
2012,10,18,292,-7.03,-7.07
2012,10,19,293,-10.17,-10.28
2012,10,20,294,-11.6,-11.73
2012,10,21,295,-9.35,-9.53
2012,10,22,296,-11.69,-11.87
2012,10,23,297,-12.01,-12.12
2012,10,24,298,-9.4,-9.53
2012,10,25,299,-5.93,-6.13
2012,10,26,300,-7.71,-7.86
2012,10,27,301,-6.2,-6.25
2012,10,28,302,-8.71,-9.11
2012,10,29,303,-15.32,-15.39
2012,10,30,304,-16.53,-16.61
2012,10,31,305,-18.47,-18.53
2012,11,1,306,-15.73,-15.85
2012,11,2,307,-10.78,-10.99
2012,11,3,308,-10.04,-10.22
2012,11,4,309,-13.5,-13.56
2012,11,5,310,-15.3,-15.37
2012,11,6,311,-17.34,-17.52
2012,11,7,312,-21.8,-21.86
2012,11,8,313,-19.62,-19.89
2012,11,9,314,-18.11,-18.16
2012,11,10,315,-18.86,-18.91
2012,11,11,316,-15.88,-16.03
2012,11,12,317,-15.73,-15.81
2012,11,13,318,-15.33,-15.4
2012,11,14,319,-18.33,-18.43
2012,11,15,320,-15.3,-15.51
2012,11,16,321,-14.48,-14.6
2012,11,17,322,-16.77,-16.9
2012,11,18,323,-13.91,-14
2012,11,19,324,-17.43,-17.53
2012,11,20,325,-16.44,-16.54
2012,11,21,326,-16.08,-16.11
2012,11,22,327,-16.81,-16.86
2012,11,23,328,-18.95,-19.02
2012,11,24,329,-16.98,-17.05
2012,11,25,330,-16.15,-16.21
2012,11,26,331,-18.2,-18.29
2012,11,27,332,-6.99,-7.43
2012,11,28,333,-6.2,-6.77
2012,11,29,334,-5.53,-5.99
2012,11,30,335,-13.08,-13.18
2012,12,1,336,-13.18,-13.32
2012,12,2,337,-10.67,-10.92
2012,12,3,338,-11,-11.19
2012,12,4,339,-12.04,-12.18
2012,12,5,340,-13.08,-13.2
2012,12,6,341,-17.57,-17.62
2012,12,7,342,-17.92,-18
2012,12,8,343,-15.87,-15.94
2012,12,9,344,-13.1,-13.23
2012,12,10,345,-18.52,-18.55
2012,12,11,346,-21.85,-21.92
2012,12,12,347,-20.96,-21.12
2012,12,13,348,-26,-26.01
2012,12,14,349,-26.17,-26.21
2012,12,15,350,-24.08,-24.26
2012,12,16,351,-21.25,-21.39
2012,12,17,352,-20.68,-20.75
2012,12,18,353,-19.81,-19.92
2012,12,19,354,-20.18,-20.29
2012,12,20,355,-17.44,-17.49
2012,12,21,356,-19.07,-19.13
2012,12,22,357,-20.31,-20.4
2012,12,23,358,-19.61,-19.77
2012,12,24,359,-18.72,-18.78
2012,12,25,360,-15.91,-16
2012,12,26,361,-20.63,-20.67
2012,12,27,362,-25.13,-25.16
2012,12,28,363,-24.84,-24.9
2012,12,29,364,-23.76,-23.91
2012,12,30,365,-26.08,-26.15
2012,12,31,366,-26.08,-26.33
2013,1,1,1,-28.98,-29.03
2013,1,2,2,-30.21,-30.19
2013,1,3,3,-27.09,-27.12
2013,1,4,4,-22.41,-22.52
2013,1,5,5,-19.98,-20.18
2013,1,6,6,-21.89,-22.01
2013,1,7,7,-20.68,-20.76
2013,1,8,8,-21.29,-21.35
2013,1,9,9,-15.67,-15.77
2013,1,10,10,-18.64,-18.68
2013,1,11,11,-25.35,-25.39
2013,1,12,12,-31.16,-31.16
2013,1,13,13,-28.66,-28.72
2013,1,14,14,-28.32,-28.43
2013,1,15,15,-25.24,-25.37
2013,1,16,16,-17.03,-17.19
2013,1,17,17,-15.56,-15.7
2013,1,18,18,-15.51,-15.57
2013,1,19,19,-14.38,-14.47
2013,1,20,20,-12.48,-12.62
2013,1,21,21,-8.74,-8.9
2013,1,22,22,-12.09,-12.22
2013,1,23,23,-12.53,-12.81
2013,1,24,24,-15.65,-15.8
2013,1,25,25,-15.5,-15.72
2013,1,26,26,-19.22,-19.31
2013,1,27,27,-20.31,-20.36
2013,1,28,28,-22.28,-22.4
2013,1,29,29,-25.28,-25.41
2013,1,30,30,-25.44,-25.54
2013,1,31,31,-27.44,-27.47
2013,2,1,32,-23.77,-23.92
2013,2,2,33,-18.2,-18.38
2013,2,3,34,-18.75,-18.98
2013,2,4,35,-17.28,-17.41
2013,2,5,36,-20.18,-20.23
2013,2,6,37,-19.83,-20.05
2013,2,7,38,-14.84,-15.05
2013,2,8,39,-16.29,-16.38
2013,2,9,40,-21.66,-21.77
2013,2,10,41,-21.81,-21.88
2013,2,11,42,-20.89,-20.94
2013,2,12,43,-21.76,-21.78
2013,2,13,44,-23.28,-23.3
2013,2,14,45,-23.55,-23.55
2013,2,15,46,-25.79,-25.78
2013,2,16,47,-28.8,-28.87
2013,2,17,48,-25.92,-25.93
2013,2,18,49,-26.01,-26.04
2013,2,19,50,-23.08,-23.12
2013,2,20,51,-22.65,-22.73
2013,2,21,52,-25.76,-25.8
2013,2,22,53,-29.56,-29.6
2013,2,23,54,-29.05,-29.09
2013,2,24,55,-29.71,-29.72
2013,2,25,56,-29.63,-29.68
2013,2,26,57,-29.1,-29.12
2013,2,27,58,-31.72,-31.72
2013,2,28,59,-28.84,-28.86
2013,3,1,60,-27.43,-27.45
2013,3,2,61,-32.22,-32.19
2013,3,3,62,-31.2,-31.21
2013,3,4,63,-30.47,-30.58
2013,3,5,64,-28.36,-28.38
2013,3,6,65,-22.69,-22.71
2013,3,7,66,-21.6,-21.63
2013,3,8,67,-22.65,-22.65
2013,3,9,68,-21.74,-21.88
2013,3,10,69,-24.33,-24.35
2013,3,11,70,-20.36,-20.42
2013,3,12,71,-14.58,-14.63
2013,3,13,72,-10.83,-10.95
2013,3,14,73,-14.35,-14.4
2013,3,15,74,-17,-17.01
2013,3,16,75,-11.28,-11.52
2013,3,17,76,-9.64,-9.95
2013,3,18,77,0.21,-1.09
2013,3,19,78,-3.68,-4.31
2013,3,20,79,-8.07,-8.47
2013,3,21,80,-12.7,-12.69
2013,3,22,81,-13.57,-13.69
2013,3,23,82,-11.25,-11.36
2013,3,24,83,-14.18,-14.29
2013,3,25,84,-12.73,-12.82
2013,3,26,85,-13.59,-13.6
2013,3,27,86,-13.63,-13.66
2013,3,28,87,-15.25,-15.33
2013,3,29,88,-22.21,-22.14
2013,3,30,89,-23.02,-22.97
2013,3,31,90,-22.8,-22.69
2013,4,1,91,-22.61,-22.68
2013,4,2,92,-19.27,-19.37
2013,4,3,93,-18.91,-18.99
2013,4,4,94,-13,-13.07
2013,4,5,95,-7.68,-7.8
2013,4,6,96,-11.78,-11.86
2013,4,7,97,-12.69,-12.68
2013,4,8,98,-14.44,-14.42
2013,4,9,99,-15.08,-15.09
2013,4,10,100,-12.84,-12.7
2013,4,11,101,-10.38,-10.24
2013,4,12,102,-9.41,-9.42
2013,4,13,103,-8.84,-8.87
2013,4,14,104,-12.39,-12.39
2013,4,15,105,-17.7,-17.35
2013,4,16,106,-22.35,-22.2
2013,4,17,107,-23.95,-23.76
2013,4,18,108,-24.86,-24.62
2013,4,19,109,-24.25,-23.9
2013,4,20,110,-25.16,-25.04
2013,4,21,111,-25.53,-25.32
2013,4,22,112,-24.87,-24.96
2013,4,23,113,-24.76,-24.85
2013,4,24,114,-22.67,-22.8
2013,4,25,115,-15,-15.14
2013,4,26,116,-13.45,-13.06
2013,4,27,117,-17.11,-17.18
2013,4,28,118,-14.56,-14.75
2013,4,29,119,-12.23,-11.99
2013,4,30,120,-12.59,-12.75
2013,5,1,121,-7.18,-7.47
2013,5,2,122,-15.92,-15.73
2013,5,3,123,-17.69,-17.73
2013,5,4,124,-19.47,-19.58
2013,5,5,125,-17.58,-17.28
2013,5,6,126,-16.09,-15.84
2013,5,7,127,-15.28,-14.85
2013,5,8,128,-17.94,-17.42
2013,5,9,129,-19.6,-19.32
2013,5,10,130,-16.9,-16.71
2013,5,11,131,-16.45,-16.2
2013,5,12,132,-17.12,-17.29
2013,5,13,133,-16.53,-16.52
2013,5,14,134,-16.08,-15.86
2013,5,15,135,-15.57,-15.53
2013,5,16,136,-15.2,-15.13
2013,5,17,137,-14.85,-14.52
2013,5,18,138,-15.81,-15.16
2013,5,19,139,-13.53,-12.81
2013,5,20,140,-11.56,-11.41
2013,5,21,141,-12.54,-12.13
2013,5,22,142,-10.66,-10.18
2013,5,23,143,-8.2,-7.54
2013,5,24,144,-9.69,-9.3
2013,5,25,145,-7.08,-7
2013,5,26,146,-6.54,-6.4
2013,5,27,147,-9.61,-9.6
2013,5,28,148,-5.45,-5.14
2013,5,29,149,-6.85,-6.62
2013,5,30,150,-7.15,-6.53
2013,5,31,151,-6.79,-6.86
2013,6,1,152,-6.4,-5.9
2013,6,2,153,-8.49,-7.73
2013,6,3,154,-8.32,-7.89
2013,6,4,155,-8.63,-8.55
2013,6,5,156,-8.39,-8.46
2013,6,6,157,-6.23,-6.2
2013,6,7,158,-1.82,-2.36
2013,6,8,159,-0.81,-1.07
2013,6,9,160,1.4,1.16
2013,6,10,161,1.65,0.39
2013,6,11,162,2.51,1.28
2013,6,12,163,4.2,3.3
2013,6,13,164,4.13,4.47
2013,6,14,165,2.59,2
2013,6,15,166,-0.12,-0.28
2013,6,16,167,-3.14,-3.63
2013,6,17,168,-3.17,-3.41
2013,6,18,169,-3.96,-4.28
2013,6,19,170,-3.8,-3.94
2013,6,20,171,-4.37,-4.32
2013,6,21,172,-3,-3.51
2013,6,22,173,1.71,1.44
2013,6,23,174,2.83,3.21
2013,6,24,175,-0.48,-0.42
2013,6,25,176,-1.43,-1.83
2013,6,26,177,-2.61,-3.35
2013,6,27,178,-4.58,-5.05
2013,6,28,179,-1.93,-2.7
2013,6,29,180,-1.33,-1.9
2013,6,30,181,-2.09,-2.81
2013,7,1,182,-4,-4.74
2013,7,2,183,-1.69,-2.64
2013,7,3,184,1.45,0.77
2013,7,4,185,1.48,0.31
2013,7,5,186,-0.85,-1.28
2013,7,6,187,-2.54,-2.96
2013,7,7,188,-0.93,-1.74
2013,7,8,189,-1.29,-1.96
2013,7,9,190,-1.62,-1.49
2013,7,10,191,0.23,0.09
2013,7,11,192,0.65,0.14
2013,7,12,193,2.01,1.34
2013,7,13,194,2.16,1.35
2013,7,14,195,1.01,0.59
2013,7,15,196,2.65,2.29
2013,7,16,197,2.56,2.35
2013,7,17,198,2.76,1.7
2013,7,18,199,5.07,4.48
2013,7,19,200,2.34,1
2013,7,20,201,1.62,0.72
2013,7,21,202,1.67,0.78
2013,7,22,203,2.08,1.84
2013,7,23,204,1.87,2
2013,7,24,205,1.38,1.35
2013,7,25,206,0.34,-0.38
2013,7,26,207,0.12,0.07
2013,7,27,208,-0.66,-1.14
2013,7,28,209,-1.54,-1.85
2013,7,29,210,-4.42,-4.67
2013,7,30,211,-4.81,-4.85
2013,7,31,212,0.43,-0.31
2013,8,1,213,0.22,-0.02
2013,8,2,214,-0.81,-1.13
2013,8,3,215,0.1,-0.59
2013,8,4,216,1.06,0.11
2013,8,5,217,1.62,0.84
2013,8,6,218,4.49,3.54
2013,8,7,219,5.99,5.37
2013,8,8,220,2.55,2.74
2013,8,9,221,3.17,3.45
2013,8,10,222,2.5,2.49
2013,8,11,223,0.23,0.18
2013,8,12,224,2.05,2.14
2013,8,13,225,0.88,0.94
2013,8,14,226,-4.06,-3.82
2013,8,15,227,-4.15,-4.18
2013,8,16,228,-2.89,-2.7
2013,8,17,229,-5.67,-5.56
2013,8,18,230,-6.65,-6.67
2013,8,19,231,-4.95,-5.01
2013,8,20,232,-5.36,-5.42
2013,8,21,233,-3.71,-3.77
2013,8,22,234,-2.91,-2.89
2013,8,23,235,-5.07,-5.1
2013,8,24,236,-2.52,-2.56
2013,8,25,237,0.72,0.43
2013,8,26,238,-0.16,-0.1
2013,8,27,239,-1.26,-1.13
2013,8,28,240,-3.7,-3.58
2013,8,29,241,-4.24,-4.18
2013,8,30,242,-4.27,-3.99
2013,8,31,243,-5.24,-5.14
2013,9,1,244,-4.82,-4.66
2013,9,2,245,-5.09,-5.11
2013,9,3,246,-3.03,-3.1
2013,9,4,247,-3.38,-3.42
2013,9,5,248,-4.85,-4.71
2013,9,6,249,-8.16,-8.17
2013,9,7,250,-7.12,-7.2
2013,9,8,251,-4.54,-4.46
2013,9,9,252,-3.52,-3.49
2013,9,10,253,-4.95,-4.95
2013,9,11,254,-5.8,-5.84
2013,9,12,255,-5.39,-5.43
2013,9,13,256,-6.74,-6.78
2013,9,14,257,-7.55,-7.59
2013,9,15,258,-8.61,-8.67
2013,9,16,259,-8.31,-8.31
2013,9,17,260,-7.5,-7.55
2013,9,18,261,-5.61,-5.58
2013,9,19,262,-6.25,-6.2
2013,9,20,263,-6.51,-6.48
2013,9,21,264,-6.46,-6.46
2013,9,22,265,-8.37,-8.43
2013,9,23,266,-7.62,-7.65
2013,9,24,267,-8.99,-8.98
2013,9,25,268,-9.28,-9.21
2013,9,26,269,-12.05,-12.13
2013,9,27,270,-10.57,-10.72
2013,9,28,271,-8.33,-8.43
2013,9,29,272,-7.45,-7.46
2013,9,30,273,-10.19,-10.26
2013,10,1,274,-5.67,-5.81
2013,10,2,275,-10.47,-10.56
2013,10,3,276,-9.5,-9.51
2013,10,4,277,-10.4,-10.46
2013,10,5,278,-10.96,-11
2013,10,6,279,-12.11,-12.16
2013,10,7,280,-13.72,-13.82
2013,10,8,281,-15,-15.17
2013,10,9,282,-16.15,-16.2
2013,10,10,283,-14.72,-14.79
2013,10,11,284,-13.3,-13.43
2013,10,12,285,-13,-13.19
2013,10,13,286,-8.87,-8.94
2013,10,14,287,-4.97,-4.97
2013,10,15,288,-4.47,-4.49
2013,10,16,289,-3.03,-3.05
2013,10,17,290,-4.34,-4.34
2013,10,18,291,-5.71,-5.7
2013,10,19,292,-6.03,-6.02
2013,10,20,293,-6.91,-6.94
2013,10,21,294,-9.8,-9.85
2013,10,22,295,-11.54,-11.58
2013,10,23,296,-13.53,-13.67
2013,10,24,297,-14.17,-14.3
2013,10,25,298,-12.84,-12.9
2013,10,26,299,-12.31,-12.36
2013,10,27,300,-13.68,-13.73
2013,10,28,301,-13.6,-13.65
2013,10,29,302,-15.41,-15.55
2013,10,30,303,-15.83,-15.89
2013,10,31,304,-15.79,-15.77
2013,11,1,305,-20.28,-20.28
2013,11,2,306,-17.53,-17.52
2013,11,3,307,-22.32,-22.3
2013,11,4,308,-21.03,-21.14
2013,11,5,309,-21.03,-21.06
2013,11,6,310,-20.01,-20.16
2013,11,7,311,-16.7,-16.77
2013,11,8,312,-18.68,-18.69
2013,11,9,313,-23,-22.99
2013,11,10,314,-24.27,-24.29
2013,11,11,315,-21.82,-21.85
2013,11,12,316,-19.55,-19.59
2013,11,13,317,-16.34,-16.37
2013,11,14,318,-18.67,-18.7
2013,11,15,319,-20.05,-20.07
2013,11,16,320,-18.78,-18.8
2013,11,17,321,-17.72,-17.74
2013,11,18,322,-13.6,-13.65
2013,11,19,323,-18.33,-18.35
2013,11,20,324,-20.91,-21.04
2013,11,21,325,-24.72,-24.72
2013,11,22,326,-24.72,-24.74
2013,11,23,327,-21.09,-21.09
2013,11,24,328,-24.62,-24.68
2013,11,25,329,-22.24,-22.24
2013,11,26,330,-21.84,-21.99
2013,11,27,331,-19.6,-19.63
2013,11,28,332,-24.07,-24.11
2013,11,29,333,-22.86,-22.9
2013,11,30,334,-20.41,-20.44
2013,12,1,335,-20.73,-20.8
2013,12,2,336,-21.17,-21.2
2013,12,3,337,-20.64,-20.66
2013,12,4,338,-20.3,-20.33
2013,12,5,339,-20.17,-20.19
2013,12,6,340,-20.82,-20.88
2013,12,7,341,-24.02,-24.03
2013,12,8,342,-26.87,-26.9
2013,12,9,343,-26.39,-26.38
2013,12,10,344,-28.96,-28.96
2013,12,11,345,-26.1,-26.21
2013,12,12,346,-27.35,-27.41
2013,12,13,347,-23.87,-24.01
2013,12,14,348,-16.2,-16.34
2013,12,15,349,-17.36,-17.4
2013,12,16,350,-20.63,-20.66
2013,12,17,351,-24.31,-24.42
2013,12,18,352,-22.96,-22.98
2013,12,19,353,-26.17,-26.19
2013,12,20,354,-25.89,-25.92
2013,12,21,355,-24.7,-24.65
2013,12,22,356,-23.92,-23.96
2013,12,23,357,-21.98,-22.09
2013,12,24,358,-21.22,-21.33
2013,12,25,359,-20.95,-21
2013,12,26,360,-21.81,-21.87
2013,12,27,361,-20.2,-20.2
2013,12,28,362,-25.57,-25.56
2013,12,29,363,-20.82,-20.99
2013,12,30,364,-21.86,-22.01
2013,12,31,365,-21.03,-21.23
2014,1,1,1,-19.76,-19.81
2014,1,2,2,-21.99,-22.04
2014,1,3,3,-23.48,-23.41
2014,1,4,4,-26.49,-26.34
2014,1,5,5,-26.91,-26.76
2014,1,6,6,-28.74,-28.79
2014,1,7,7,-27.1,-27
2014,1,8,8,-18.46,-18.51
2014,1,9,9,-7.53,-7.65
2014,1,10,10,-11.78,-11.82
2014,1,11,11,-16.23,-16.26
2014,1,12,12,-21.28,-21.27
2014,1,13,13,-21.45,-21.46
2014,1,14,14,-19.9,-19.96
2014,1,15,15,-15.96,-16.02
2014,1,16,16,-15.36,-15.48
2014,1,17,17,-14.45,-14.47
2014,1,18,18,-16.91,-16.93
2014,1,19,19,-19.48,-19.5
2014,1,20,20,-19.32,-19.44
2014,1,21,21,-17.16,-17.3
2014,1,22,22,-18.49,-18.46
2014,1,23,23,-22.57,-22.6
2014,1,24,24,-14.95,-15.09
2014,1,25,25,-11.97,-12.14
2014,1,26,26,-11.57,-11.64
2014,1,27,27,-17.63,-17.78
2014,1,28,28,-15.71,-15.9
2014,1,29,29,-15.88,-16.04
2014,1,30,30,-12.27,-12.44
2014,1,31,31,-11.55,-11.7
2014,2,1,32,-11.58,-11.69
2014,2,2,33,-8.82,-9.19
2014,2,3,34,-11.25,-11.6
2014,2,4,35,-17.31,-17.41
2014,2,5,36,-17.53,-17.66
2014,2,6,37,-19.61,-19.84
2014,2,7,38,-16.32,-16.62
2014,2,8,39,-14.62,-14.86
2014,2,9,40,-14.26,-14.54
2014,2,10,41,-17.32,-17.58
2014,2,11,42,-21.74,-21.82
2014,2,12,43,-21.67,-21.7
2014,2,13,44,-25.84,-25.92
2014,2,14,45,-26.55,-26.66
2014,2,15,46,-21.7,-21.88
2014,2,16,47,-17.54,-17.58
2014,2,17,48,-24.24,-24.24
2014,2,18,49,-27.98,-28.13
2014,2,19,50,-25.99,-26.14
2014,2,20,51,-24.7,-24.79
2014,2,21,52,-28.06,-27.99
2014,2,22,53,-28.97,-29.03
2014,2,23,54,-30.65,-30.71
2014,2,24,55,-32.49,-32.56
2014,2,25,56,-31.23,-31.22
2014,2,26,57,-25.95,-26.08
2014,2,27,58,-16.98,-17.09
2014,2,28,59,-14.32,-14.48
2014,3,1,60,-13.59,-13.79
2014,3,2,61,-14.78,-14.86
2014,3,3,62,-16.84,-16.88
2014,3,4,63,-16.24,-16.22
2014,3,5,64,-18.18,-18.18
2014,3,6,65,-18.77,-18.62
2014,3,7,66,-20.02,-19.9
2014,3,8,67,-23.3,-23.22
2014,3,9,68,-23.37,-23.22
2014,3,10,69,-21.42,-21.47
2014,3,11,70,-20.69,-20.84
2014,3,12,71,-23.91,-23.91
2014,3,13,72,-25.53,-25.51
2014,3,14,73,-24.06,-24.1
2014,3,15,74,-20.91,-21
2014,3,16,75,-25.47,-25.51
2014,3,17,76,-27.92,-27.97
2014,3,18,77,-27.7,-27.64
2014,3,19,78,-28.6,-28.56
2014,3,20,79,-28.23,-28.18
2014,3,21,80,-29.29,-29.24
2014,3,22,81,-29.57,-29.52
2014,3,23,82,-24.38,-24.49
2014,3,24,83,-26.04,-26.01
2014,3,25,84,-26.92,-26.84
2014,3,26,85,-26.75,-26.63
2014,3,27,86,-26.3,-26.37
2014,3,28,87,-21.91,-22
2014,3,29,88,-17.31,-17.41
2014,3,30,89,-15.7,-15.7
2014,3,31,90,-19.48,-19.54
2014,4,1,91,-13.99,-14.1
2014,4,2,92,-20.11,-20.19
2014,4,3,93,-23.81,-23.86
2014,4,4,94,-20.89,-20.97
2014,4,5,95,-22.5,-22.56
2014,4,6,96,-24.72,-24.52
2014,4,7,97,-25.66,-25.52
2014,4,8,98,-22.3,-22.31
2014,4,9,99,-21.95,-21.89
2014,4,10,100,-19.68,-19.65
2014,4,11,101,-20.18,-20.12
2014,4,12,102,-20,-19.94
2014,4,13,103,-16.44,-16.57
2014,4,14,104,-15.07,-15.02
2014,4,15,105,-17.3,-17.33
2014,4,16,106,-19.43,-19.53
2014,4,17,107,-18.37,-18.47
2014,4,18,108,-18.92,-19.01
2014,4,19,109,-18.88,-18.53
2014,4,20,110,-16.61,-16.28
2014,4,21,111,-18.52,-18.02
2014,4,22,112,-19.66,-19.49
2014,4,23,113,-18.34,-18.37
2014,4,24,114,-16.71,-16.72
2014,4,25,115,-16.58,-16.65
2014,4,26,116,-15.3,-15.3
2014,4,27,117,-10.84,-10.85
2014,4,28,118,-10.51,-10.57
2014,4,29,119,-15.05,-14.67
2014,4,30,120,-16.37,-16.04
2014,5,1,121,-16.1,-16.19
2014,5,2,122,-15.05,-14.96
2014,5,3,123,-18.87,-18.75
2014,5,4,124,-17.22,-17.12
2014,5,5,125,-15.46,-14.92
2014,5,6,126,-14.53,-14.31
2014,5,7,127,-12.08,-11.9
2014,5,8,128,-8.33,-8
2014,5,9,129,-5.84,-5.53
2014,5,10,130,-5.45,-5.08
2014,5,11,131,-7.42,-7.33
2014,5,12,132,-8.61,-8.28
2014,5,13,133,-10.42,-10.3
2014,5,14,134,-10.9,-10.52
2014,5,15,135,-11.65,-11.67
2014,5,16,136,-11.93,-12.04
2014,5,17,137,-10.66,-10.71
2014,5,18,138,-10.52,-10.61
2014,5,19,139,-11.08,-10.92
2014,5,20,140,-9.98,-9.64
2014,5,21,141,-8.82,-8.38
2014,5,22,142,-9.31,-9.28
2014,5,23,143,-9.43,-9.07
2014,5,24,144,-8.74,-8.18
2014,5,25,145,-8.03,-7.57
2014,5,26,146,-9.45,-9.55
2014,5,27,147,-8.72,-8.87
2014,5,28,148,-7.89,-8.04
2014,5,29,149,-7.46,-7.5
2014,5,30,150,-6.38,-6.49
2014,5,31,151,-7.64,-7.71
2014,6,1,152,-5.39,-5.6
2014,6,2,153,0.5,0.37
2014,6,3,154,0.29,0.72
2014,6,4,155,-1.31,-0.8
2014,6,5,156,-0.24,-0.1
2014,6,6,157,-0.69,-0.66
2014,6,7,158,-4.68,-4.7
2014,6,8,159,-5.78,-5.84
2014,6,9,160,-3.9,-3.95
2014,6,10,161,-3.48,-3.7
2014,6,11,162,-3.57,-3.58
2014,6,12,163,-3.79,-3.33
2014,6,13,164,-2.24,-2.34
2014,6,14,165,-1.49,-1.68
2014,6,15,166,-1.52,-1.79
2014,6,16,167,-1.6,-1.47
2014,6,17,168,0.21,0.26
2014,6,18,169,-2.02,-2.15
2014,6,19,170,-3.27,-3.06
2014,6,20,171,-2.52,-2.79
2014,6,21,172,-2.74,-3.1
2014,6,22,173,-3.21,-2.99
2014,6,23,174,-4.17,-4.31
2014,6,24,175,-1.44,-1.61
2014,6,25,176,3.28,2.74
2014,6,26,177,2.04,1.49
2014,6,27,178,2.09,1.46
2014,6,28,179,1.84,1.84
2014,6,29,180,1.63,1.5
2014,6,30,181,2.73,3.13
2014,7,1,182,3.03,3.16
2014,7,2,183,1.53,1.57
2014,7,3,184,1.77,2.05
2014,7,4,185,2.11,2.52
2014,7,5,186,2.33,2.81
2014,7,6,187,2.61,2.65
2014,7,7,188,2.14,2.36
2014,7,8,189,1.8,2.29
2014,7,9,190,3.13,3.17
2014,7,10,191,1.81,1.81
2014,7,11,192,1.85,2.23
2014,7,12,193,2.74,3.54
2014,7,13,194,2.36,2.92
2014,7,14,195,2.33,2.87
2014,7,15,196,1.6,1.88
2014,7,16,197,0.86,0.86
2014,7,17,198,0.44,0.4
2014,7,18,199,0.92,0.91
2014,7,19,200,1.15,0.35
2014,7,20,201,2.77,2.51
2014,7,21,202,0.47,0.09
2014,7,22,203,1.2,0.85
2014,7,23,204,1.22,1.15
2014,7,24,205,1.39,1.44
2014,7,25,206,0.85,0.62
2014,7,26,207,0.96,0.72
2014,7,27,208,1.41,1.55
2014,7,28,209,2.76,3.1
2014,7,29,210,0.47,0.44
2014,7,30,211,1.23,1.24
2014,7,31,212,2.07,2.22
2014,8,1,213,1.9,2
2014,8,2,214,4.08,4.16
2014,8,3,215,2.87,2.94
2014,8,4,216,2.04,2.08
2014,8,5,217,1.54,1.61
2014,8,6,218,0.83,0.84
2014,8,7,219,1.03,1.05
2014,8,8,220,0.72,0.7
2014,8,9,221,1.05,0.63
2014,8,10,222,-0.76,-0.73
2014,8,11,223,-0.97,-0.98
2014,8,12,224,0.87,0.93
2014,8,13,225,0.21,0.23
2014,8,14,226,-0.49,-0.46
2014,8,15,227,-0.28,-0.26
2014,8,16,228,-0.36,-0.35
2014,8,17,229,-1.05,-0.93
2014,8,18,230,-1.99,-1.85
2014,8,19,231,0.31,-0.1
2014,8,20,232,0.24,-0.13
2014,8,21,233,-0.95,-0.89
2014,8,22,234,-1.86,-1.46
2014,8,23,235,-4.42,-4.18
2014,8,24,236,-4.14,-3.99
2014,8,25,237,-4.7,-4.68
2014,8,26,238,-4.62,-4.41
2014,8,27,239,-3.88,-3.57
2014,8,28,240,-3.86,-3.81
2014,8,29,241,-2.49,-2.38
2014,8,30,242,-1.57,-1.53
2014,8,31,243,-0.63,-0.51
2014,9,1,244,-0.53,-0.4
2014,9,2,245,-2.8,-2.65
2014,9,3,246,-3.08,-2.81
2014,9,4,247,-4.32,-4.21
2014,9,5,248,-4.88,-4.8
2014,9,6,249,-4.43,-4.34
2014,9,7,250,-4.04,-4.1
2014,9,8,251,-3.43,-3.45
2014,9,9,252,-5.8,-5.79
2014,9,10,253,-4.2,-4.24
2014,9,11,254,-4.78,-4.62
2014,9,12,255,-5.85,-5.71
2014,9,13,256,-7.1,-7.13
2014,9,14,257,-6.58,-6.63
2014,9,15,258,-7.47,-7.46
2014,9,16,259,-5.55,-5.59
2014,9,17,260,-3.15,-3.16
2014,9,18,261,-3.16,-3.12
2014,9,19,262,-4.96,-5.01
2014,9,20,263,-3.57,-3.52
2014,9,21,264,-6.7,-6.65
2014,9,22,265,-8.18,-8.12
2014,9,23,266,-8.45,-8.43
2014,9,24,267,-10.83,-10.88
2014,9,25,268,-9.18,-9.21
2014,9,26,269,-7.98,-7.98
2014,9,27,270,-9.45,-9.42
2014,9,28,271,-9.88,-9.87
2014,9,29,272,-11.81,-11.83
2014,9,30,273,-10.87,-10.93
2014,10,1,274,-10.05,-10.08
2014,10,2,275,-9.46,-9.58
2014,10,3,276,-11.34,-11.43
2014,10,4,277,-11.6,-11.66
2014,10,5,278,-11.91,-11.95
2014,10,6,279,-10.08,-10.08
2014,10,7,280,-9.65,-9.7
2014,10,8,281,-13.66,-13.68
2014,10,9,282,-12.42,-12.5
2014,10,10,283,-8.13,-8.18
2014,10,11,284,-0.47,-0.42
2014,10,12,285,-2.3,-2.25
2014,10,13,286,-5.47,-5.44
2014,10,14,287,-7.75,-7.78
2014,10,15,288,-6.38,-6.36
2014,10,16,289,-8.92,-9.03
2014,10,17,290,-12.82,-12.88
2014,10,18,291,-14.55,-14.49
2014,10,19,292,-18.57,-18.52
2014,10,20,293,-18.1,-18.14
2014,10,21,294,-15.1,-15.14
2014,10,22,295,-15.9,-15.95
2014,10,23,296,-13.86,-13.92
2014,10,24,297,-16.05,-16.09
2014,10,25,298,-16.08,-16.16
2014,10,26,299,-18.32,-18.31
2014,10,27,300,-16.21,-16.26
2014,10,28,301,-15.64,-15.69
2014,10,29,302,-14.53,-14.56
2014,10,30,303,-8.71,-8.74
2014,10,31,304,-11.21,-11.21
2014,11,1,305,-14.4,-14.49
2014,11,2,306,-12.29,-12.36
2014,11,3,307,-11.68,-11.74
2014,11,4,308,-16.1,-16.07
2014,11,5,309,-21.23,-21.27
2014,11,6,310,-17.76,-17.83
2014,11,7,311,-18.62,-18.61
2014,11,8,312,-20.89,-20.93
2014,11,9,313,-20.11,-20.21
2014,11,10,314,-17.74,-17.92
2014,11,11,315,-20.09,-20.13
2014,11,12,316,-21.48,-21.62
2014,11,13,317,-18.7,-19.18
2014,11,14,318,-19.09,-19.21
2014,11,15,319,-14.82,-14.94
2014,11,16,320,-5.61,-5.62
2014,11,17,321,-9.17,-9.22
2014,11,18,322,-9.95,-9.96
2014,11,19,323,-16.39,-16.43
2014,11,20,324,-15.69,-15.77
2014,11,21,325,-11.48,-11.54
2014,11,22,326,-13.36,-13.36
2014,11,23,327,-15.03,-15.04
2014,11,24,328,-10.1,-10.17
2014,11,25,329,-14.78,-14.75
2014,11,26,330,-18.47,-18.49
2014,11,27,331,-17.79,-17.8
2014,11,28,332,-16.7,-16.71
2014,11,29,333,-19.14,-19.18
2014,11,30,334,-21.85,-21.9
2014,12,1,335,-22.7,-22.77
2014,12,2,336,-20.21,-20.22
2014,12,3,337,-21.64,-21.67
2014,12,4,338,-21.52,-21.57
2014,12,5,339,-17.89,-17.97
2014,12,6,340,-14.92,-14.92
2014,12,7,341,-19.45,-19.45
2014,12,8,342,-22.66,-22.7
2014,12,9,343,-23.66,-23.7
2014,12,10,344,-23.56,-23.53
2014,12,11,345,-20.62,-20.68
2014,12,12,346,-20.36,-20.42
2014,12,13,347,-21.06,-21.1
2014,12,14,348,-23.97,-23.96
2014,12,15,349,-23.26,-23.4
2014,12,16,350,-25.57,-25.67
2014,12,17,351,-26.88,-26.91
2014,12,18,352,-27.01,-27.12
2014,12,19,353,-26.56,-26.58
2014,12,20,354,-26.92,-26.96
2014,12,21,355,-25.21,-25.14
2014,12,22,356,-28.31,-28.35
2014,12,23,357,-26.64,-26.76
2014,12,24,358,-22.97,-22.98
2014,12,25,359,-22.48,-22.5
2014,12,26,360,-25.11,-25.07
2014,12,27,361,-25.58,-25.63
2014,12,28,362,-20.85,-20.98
2014,12,29,363,-17.71,-17.96
2014,12,30,364,-21.51,-21.52
2014,12,31,365,-19.79,-19.84
2015,1,1,1,-17.5,-17.68
2015,1,2,2,-15.56,-15.57
2015,1,3,3,-18.73,-18.73
2015,1,4,4,-21.94,-21.97
2015,1,5,5,-21.88,-21.98
2015,1,6,6,-22.43,-22.5
2015,1,7,7,-21.53,-21.57
2015,1,8,8,-22.31,-22.47
2015,1,9,9,-24.23,-24.31
2015,1,10,10,-23.85,-23.9
2015,1,11,11,-20.2,-20.31
2015,1,12,12,-22.38,-22.38
2015,1,13,13,-24.07,-24.07
2015,1,14,14,-21.18,-21.27
2015,1,15,15,-19.92,-20.06
2015,1,16,16,-24.83,-24.91
2015,1,17,17,-21.89,-21.95
2015,1,18,18,-14.96,-15.01
2015,1,19,19,-17.01,-16.98
2015,1,20,20,-26.45,-26.41
2015,1,21,21,-28.78,-28.91
2015,1,22,22,-31.12,-31.13
2015,1,23,23,-30.7,-30.7
2015,1,24,24,-31.9,-31.96
2015,1,25,25,-31.69,-31.74
2015,1,26,26,-31.3,-31.39
2015,1,27,27,-30.8,-30.8
2015,1,28,28,-32.5,-32.49
2015,1,29,29,-30.73,-30.79
2015,1,30,30,-29.67,-29.76
2015,1,31,31,-27.89,-28.12
2015,2,1,32,-28.52,-28.55
2015,2,2,33,-26.65,-26.68
2015,2,3,34,-23.57,-23.7
2015,2,4,35,-26.35,-26.39
2015,2,5,36,-30.64,-30.73
2015,2,6,37,-31.25,-31.3
2015,2,7,38,-31.74,-31.74
2015,2,8,39,-30.18,-30.16
2015,2,9,40,-32.43,-32.41
2015,2,10,41,-32.38,-32.47
2015,2,11,42,-32.44,-32.52
2015,2,12,43,-30.7,-30.82
2015,2,13,44,-31.21,-31.34
2015,2,14,45,-31.17,-31.37
2015,2,15,46,-32.65,-32.58
2015,2,16,47,-36.19,-36.18
2015,2,17,48,-33.12,-33.24
2015,2,18,49,-30.91,-30.99
2015,2,19,50,-31.21,-31.35
2015,2,20,51,-29.77,-29.89
2015,2,21,52,-26.47,-26.54
2015,2,22,53,-21.16,-21.25
2015,2,23,54,-29.32,-29.35
2015,2,24,55,-31.68,-31.71
2015,2,25,56,-31.71,-31.76
2015,2,26,57,-31.27,-31.26
2015,2,27,58,-30.78,-30.91
2015,2,28,59,-29.22,-29.23
2015,3,1,60,-26.89,-26.96
2015,3,2,61,-24.92,-24.96
2015,3,3,62,-25.37,-25.41
2015,3,4,63,-26.96,-26.96
2015,3,5,64,-22.67,-22.69
2015,3,6,65,-24.34,-24.36
2015,3,7,66,-23.94,-23.94
2015,3,8,67,-26.65,-26.64
2015,3,9,68,-27.64,-27.64
2015,3,10,69,-24.46,-24.48
2015,3,11,70,-19.25,-19.31
2015,3,12,71,-23.48,-23.46
2015,3,13,72,-24.64,-24.64
2015,3,14,73,-19.97,-19.99
2015,3,15,74,-25.14,-25.15
2015,3,16,75,-24.48,-24.5
2015,3,17,76,-17.62,-17.67
2015,3,18,77,-11.73,-11.74
2015,3,19,78,-9.76,-9.78
2015,3,20,79,-12.97,-13.04
2015,3,21,80,-14.14,-14.18
2015,3,22,81,-18.29,-18.33
2015,3,23,82,-17.41,-17.42
2015,3,24,83,-17.43,-17.46
2015,3,25,84,-15.46,-15.48
2015,3,26,85,-17.65,-17.69
2015,3,27,86,-20.34,-20.34
2015,3,28,87,-21.27,-21.08
2015,3,29,88,-24.33,-24.29
2015,3,30,89,-23.8,-23.77
2015,3,31,90,-23.72,-23.69
2015,4,1,91,-21.69,-21.64
2015,4,2,92,-21.65,-21.62
2015,4,3,93,-20.5,-20.47
2015,4,4,94,-23.24,-23.29
2015,4,5,95,-23.68,-23.59
2015,4,6,96,-24.3,-24.21
2015,4,7,97,-27.53,-27.51
2015,4,8,98,-29.31,-29.22
2015,4,9,99,-29.17,-29.18
2015,4,10,100,-25.59,-25.62
2015,4,11,101,-23.97,-23.95
2015,4,12,102,-22.09,-22.06
2015,4,13,103,-22.44,-22.39
2015,4,14,104,-24.53,-24.48
2015,4,15,105,-26.88,-26.86
2015,4,16,106,-29.1,-29.11
2015,4,17,107,-26.31,-26.33
2015,4,18,108,-23.58,-23.62
2015,4,19,109,-21.46,-21.3
2015,4,20,110,-18.23,-18.24
2015,4,21,111,-21.3,-21.34
2015,4,22,112,-19.08,-18.61
2015,4,23,113,-16.16,-15.99
2015,4,24,114,-10.5,-10.37
2015,4,25,115,-9.35,-9.2
2015,4,26,116,-11.67,-11.7
2015,4,27,117,-12.62,-12.5
2015,4,28,118,-13.53,-13.27
2015,4,29,119,-13.46,-13.25
2015,4,30,120,-13.09,-13.04
2015,5,1,121,-15.41,-14.96
2015,5,2,122,-17.36,-17.38
2015,5,3,123,-14.83,-14.57
2015,5,4,124,-14.91,-14.72
2015,5,5,125,-11.59,-11.31
2015,5,6,126,-8.64,-8.64
2015,5,7,127,-9.45,-9.23
2015,5,8,128,-11.59,-11.3
2015,5,9,129,-10.52,-10.43
2015,5,10,130,-10.88,-10.52
2015,5,11,131,-9.89,-9.63
2015,5,12,132,-11.37,-10.88
2015,5,13,133,-13.1,-12.94
2015,5,14,134,-13.31,-12.9
2015,5,15,135,-13.08,-12.45
2015,5,16,136,-12.5,-12.31
2015,5,17,137,-9.53,-9.35
2015,5,18,138,-8.33,-8.12
2015,5,19,139,-8.16,-8.13
2015,5,20,140,-8.25,-7.76
2015,5,21,141,-10.33,-10.3
2015,5,22,142,-9.94,-9.76
2015,5,23,143,-9.81,-9.86
2015,5,24,144,-9.7,-9.7
2015,5,25,145,-6.17,-6.21
2015,5,26,146,-7.77,-7.59
2015,5,27,147,-5.07,-4.54
2015,5,28,148,-5.6,-5.33
2015,5,29,149,-4.06,-3.95
2015,5,30,150,-3.96,-3.99
2015,5,31,151,-1.94,-1.89
2015,6,1,152,-1.95,-1.88
2015,6,2,153,-0.23,0.28
2015,6,3,154,-2.01,-1.97
2015,6,4,155,-3.61,-3.17
2015,6,5,156,-2.82,-2.01
2015,6,6,157,-5.05,-4.74
2015,6,7,158,-5.77,-5.66
2015,6,8,159,-3.94,-3.55
2015,6,9,160,-4.97,-4.78
2015,6,10,161,-3.29,-2.53
2015,6,11,162,-4.23,-3.61
2015,6,12,163,-0.85,0.03
2015,6,13,164,-1.35,-0.8
2015,6,14,165,-1.27,-0.31
2015,6,15,166,-2.64,-1.9
2015,6,16,167,-2.02,-1.25
2015,6,17,168,-2.51,-2.31
2015,6,18,169,-2.84,-2.12
2015,6,19,170,-1.56,-1.49
2015,6,20,171,1.12,1.17
2015,6,21,172,0.71,0.67
2015,6,22,173,1.01,0.93
2015,6,23,174,0.21,0.16
2015,6,24,175,-1.75,-1.63
2015,6,25,176,-2.16,-2
2015,6,26,177,-0.1,0.13
2015,6,27,178,2.23,2.82
2015,6,28,179,5.19,5.64
2015,6,29,180,6.43,7.01
2015,6,30,181,5.94,6.14
2015,7,1,182,3.5,3.51
2015,7,2,183,2.6,2.5
2015,7,3,184,0.66,0.54
2015,7,4,185,2.02,1.67
2015,7,5,186,3.32,3.49
2015,7,6,187,4,4.08
2015,7,7,188,3.83,3.88
2015,7,8,189,5.02,5.08
2015,7,9,190,4.84,4.9
2015,7,10,191,5.03,5.23
2015,7,11,192,5.64,5.73
2015,7,12,193,6.87,7.13
2015,7,13,194,2,2.01
2015,7,14,195,3.36,3.43
2015,7,15,196,2.07,2.19
2015,7,16,197,3.61,3.7
2015,7,17,198,5.94,5.99
2015,7,18,199,7.89,8.09
2015,7,19,200,6.03,6.33
2015,7,20,201,4.54,4.72
2015,7,21,202,4.95,5.07
2015,7,22,203,4.5,4.71
2015,7,23,204,2.75,3.12
2015,7,24,205,2.62,2.78
2015,7,25,206,2.25,2.48
2015,7,26,207,3.28,3.79
2015,7,27,208,1.59,1.98
2015,7,28,209,1,1.4
2015,7,29,210,2.39,2.6
2015,7,30,211,1.65,1.94
2015,7,31,212,1.68,2.03
2015,8,1,213,2.9,3.19
2015,8,2,214,3.52,4.01
2015,8,3,215,3.02,3.23
2015,8,4,216,3.39,3.51
2015,8,5,217,0.17,-0.02
2015,8,6,218,-0.26,-0.39
2015,8,7,219,-3.33,-3.22
2015,8,8,220,-2.72,-2.83
2015,8,9,221,-2.01,-2.09
2015,8,10,222,-1.11,-1.1
2015,8,11,223,-0.97,-0.89
2015,8,12,224,0.92,0.91
2015,8,13,225,-0.48,-0.48
2015,8,14,226,-0.67,-0.52
2015,8,15,227,1.93,1.79
2015,8,16,228,3.4,3.53
2015,8,17,229,1.53,1.49
2015,8,18,230,0.24,-0.15
2015,8,19,231,0.86,0.83
2015,8,20,232,0.57,0.74
2015,8,21,233,-0.07,0.13
2015,8,22,234,-0.14,0.14
2015,8,23,235,-1.3,-1.19
2015,8,24,236,-2.33,-2.17
2015,8,25,237,-2.7,-2.49
2015,8,26,238,-2.42,-2.36
2015,8,27,239,-4.71,-4.61
2015,8,28,240,-2.68,-2.66
2015,8,29,241,-2.58,-2.55
2015,8,30,242,-2.21,-2.29
2015,8,31,243,-2.48,-2.64
2015,9,1,244,-3.09,-3.34
2015,9,2,245,-5.15,-5.21
2015,9,3,246,-3.38,-3.41
2015,9,4,247,-4.08,-4.15
2015,9,5,248,-5.42,-5.35
2015,9,6,249,-5.11,-5.24
2015,9,7,250,-4.72,-4.91
2015,9,8,251,-6.6,-6.64
2015,9,9,252,-7.35,-7.37
2015,9,10,253,-4.54,-4.67
2015,9,11,254,-5.45,-5.61
2015,9,12,255,-5.3,-5.37
2015,9,13,256,-5.42,-5.59
2015,9,14,257,-2.79,-3.05
2015,9,15,258,-2.84,-3.13
2015,9,16,259,-2.68,-2.98
2015,9,17,260,-4.18,-4.37
2015,9,18,261,-5.83,-5.96
2015,9,19,262,-8.79,-8.84
2015,9,20,263,-9.54,-9.64
2015,9,21,264,-9.72,-9.78
2015,9,22,265,-12.88,-12.92
2015,9,23,266,-12.59,-12.57
2015,9,24,267,-15.15,-15.17
2015,9,25,268,-14.15,-14.2
2015,9,26,269,-12.19,-12.31
2015,9,27,270,-10.01,-10.04
2015,9,28,271,-10.79,-10.82
2015,9,29,272,-10.13,-10.2
2015,9,30,273,-9.43,-9.56
2015,10,1,274,-7.6,-7.7
2015,10,2,275,-5,-5.15
2015,10,3,276,-8,-8.12
2015,10,4,277,-9.46,-9.54
2015,10,5,278,-15.26,-15.2
2015,10,6,279,-12.88,-12.95
2015,10,7,280,-11.96,-12.2
2015,10,8,281,-11.6,-11.68
2015,10,9,282,-11.15,-11.3
2015,10,10,283,-11.06,-11.15
2015,10,11,284,-9.2,-9.23
2015,10,12,285,-8.61,-8.71
2015,10,13,286,-8.93,-8.99
2015,10,14,287,-8.1,-8.15
2015,10,15,288,-9.23,-9.3
2015,10,16,289,-9.64,-9.7
2015,10,17,290,-12.52,-12.56
2015,10,18,291,-13.23,-13.3
2015,10,19,292,-12.06,-12.09
2015,10,20,293,-13.2,-13.23
2015,10,21,294,-14.23,-14.21
2015,10,22,295,-16.82,-16.85
2015,10,23,296,-17.73,-17.78
2015,10,24,297,-14.42,-14.5
2015,10,25,298,-8.9,-8.96
2015,10,26,299,-8.98,-9.38
2015,10,27,300,-8.28,-8.33
2015,10,28,301,-11.64,-11.76
2015,10,29,302,-10.19,-10.26
2015,10,30,303,-12,-12.02
2015,10,31,304,-17.74,-17.78
2015,11,1,305,-18.81,-18.83
2015,11,2,306,-20.02,-20.1
2015,11,3,307,-17.69,-17.72
2015,11,4,308,-15.6,-15.62
2015,11,5,309,-14.42,-14.46
2015,11,6,310,-19.82,-19.86
2015,11,7,311,-22.72,-22.84
2015,11,8,312,-21.69,-21.72
2015,11,9,313,-23.63,-23.65
2015,11,10,314,-21.71,-21.73
2015,11,11,315,-23.11,-23.11
2015,11,12,316,-22.15,-22.35
2015,11,13,317,-20.01,-20.08
2015,11,14,318,-14.3,-14.35
2015,11,15,319,-14.88,-14.96
2015,11,16,320,-15,-15.09
2015,11,17,321,-16.06,-16.17
2015,11,18,322,-16.03,-16.09
2015,11,19,323,-10.11,-10.2
2015,11,20,324,-9.48,-9.56
2015,11,21,325,-18.51,-18.55
2015,11,22,326,-17.73,-17.73
2015,11,23,327,-20.68,-20.65
2015,11,24,328,-23.52,-23.52
2015,11,25,329,-21.45,-21.46
2015,11,26,330,-21.04,-21.06
2015,11,27,331,-25.8,-25.81
2015,11,28,332,-26.38,-26.33
2015,11,29,333,-26.07,-26.05
2015,11,30,334,-26.22,-26.17
2015,12,1,335,-23.87,-23.98
2015,12,2,336,-17.77,-17.9
2015,12,3,337,-16.28,-16.39
2015,12,4,338,-18.48,-18.59
2015,12,5,339,-22.42,-22.46
2015,12,6,340,-25.36,-25.47
2015,12,7,341,-25.53,-25.54
2015,12,8,342,-24.55,-24.59
2015,12,9,343,-24.56,-24.49
2015,12,10,344,-20.45,-20.46
2015,12,11,345,-25.41,-25.48
2015,12,12,346,-28.77,-28.79
2015,12,13,347,-27.41,-27.36
2015,12,14,348,-25.35,-25.55
2015,12,15,349,-25.09,-25.08
2015,12,16,350,-28.55,-28.49
2015,12,17,351,-25.58,-25.35
2015,12,18,352,-25.86,-25.76
2015,12,19,353,-29.45,-29.49
2015,12,20,354,-30.47,-30.37
2015,12,21,355,-34.52,-34.47
2015,12,22,356,-35.76,-35.78
2015,12,23,357,-36.41,-36.55
2015,12,24,358,-33.01,-33.21
2015,12,25,359,-32.17,-32.28
2015,12,26,360,-29.92,-29.8
2015,12,27,361,-24.19,-24.18
2015,12,28,362,-24.87,-24.66
2015,12,29,363,-26.91,-26.74
2015,12,30,364,-30.76,-30.64
2015,12,31,365,-26.81,-26.67
2016,1,1,1,-26.03,-26.02
2016,1,2,2,-19.25,-19.42
2016,1,3,3,-16.78,-16.99
2016,1,4,4,-17.15,-17.24
2016,1,5,5,-14.28,-14.36
2016,1,6,6,-10.86,-10.98
2016,1,7,7,-10.04,-10.2
2016,1,8,8,-11.61,-11.88
2016,1,9,9,-16.6,-16.86
2016,1,10,10,-18.27,-18.38
2016,1,11,11,-19.78,-19.8
2016,1,12,12,-13.51,-13.51
2016,1,13,13,-9.59,-9.73
2016,1,14,14,-10.55,-10.76
2016,1,15,15,-14.1,-14.24
2016,1,16,16,-17.99,-18.14
2016,1,17,17,-19.04,-19.2
2016,1,18,18,-16.85,-17
2016,1,19,19,-12.4,-12.53
2016,1,20,20,-17.03,-17.09
2016,1,21,21,-30.31,-30.24
2016,1,22,22,-35.78,-35.77
2016,1,23,23,-30.16,-30.28
2016,1,24,24,-25.65,-25.8
2016,1,25,25,-23.59,-23.73
2016,1,26,26,-25.16,-25.19
2016,1,27,27,-17.29,-17.41
2016,1,28,28,-14.27,-14.31
2016,1,29,29,-16.27,-16.49
2016,1,30,30,-20.45,-20.49
2016,1,31,31,-20.99,-21.15
2016,2,1,32,-25.87,-25.86
2016,2,2,33,-22.46,-22.69
2016,2,3,34,-21.37,-21.56
2016,2,4,35,-24.41,-24.47
2016,2,5,36,-25.79,-25.93
2016,2,6,37,-23.7,-23.9
2016,2,7,38,-24.55,-24.7
2016,2,8,39,-25.89,-25.95
2016,2,9,40,-29.24,-29.33
2016,2,10,41,-26.33,-26.36
2016,2,11,42,-26.41,-26.64
2016,2,12,43,-27.13,-27.24
2016,2,13,44,-25.25,-25.38
2016,2,14,45,-27.72,-27.65
2016,2,15,46,-28.33,-28.24
2016,2,16,47,-19.12,-19.13
2016,2,17,48,-20.76,-20.58
2016,2,18,49,-22.78,-22.59
2016,2,19,50,-24.82,-24.41
2016,2,20,51,-25.93,-25.57
2016,2,21,52,-24.95,-24.67
2016,2,22,53,-14.35,-14.37
2016,2,23,54,-17.45,-17.45
2016,2,24,55,-10.29,-10.39
2016,2,25,56,-12.02,-12.08
2016,2,26,57,-16.32,-16.3
2016,2,27,58,-12.21,-12.29
2016,2,28,59,-12.26,-12.33
2016,2,29,60,-13.91,-13.98
2016,3,1,61,-16.76,-16.85
2016,3,2,62,-19.14,-19.12
2016,3,3,63,-21.43,-21.39
2016,3,4,64,-18.02,-18.03
2016,3,5,65,-10.52,-10.58
2016,3,6,66,-12.19,-12.2
2016,3,7,67,-15.6,-15.64
2016,3,8,68,-20.55,-20.51
2016,3,9,69,-21.24,-21.27
2016,3,10,70,-22.28,-22.32
2016,3,11,71,-22.49,-22.53
2016,3,12,72,-26.13,-26.08
2016,3,13,73,-29.37,-29.23
2016,3,14,74,-30.31,-30.29
2016,3,15,75,-29.96,-29.98
2016,3,16,76,-24.83,-24.82
2016,3,17,77,-25.62,-25.59
2016,3,18,78,-22.27,-22.24
2016,3,19,79,-20.48,-20.58
2016,3,20,80,-20.76,-20.88
2016,3,21,81,-19.69,-19.66
2016,3,22,82,-16.87,-16.93
2016,3,23,83,-16.25,-16.2
2016,3,24,84,-16.35,-16.35
2016,3,25,85,-17.58,-17.56
2016,3,26,86,-20.73,-20.55
2016,3,27,87,-22.25,-22.07
2016,3,28,88,-22.46,-22.35
2016,3,29,89,-21.94,-21.79
2016,3,30,90,-23.11,-23.02
2016,3,31,91,-19.69,-19.72
2016,4,1,92,-24.03,-23.98
2016,4,2,93,-23.79,-23.7
2016,4,3,94,-19.59,-19.62
2016,4,4,95,-11.13,-11.23
2016,4,5,96,-9.14,-8.89
2016,4,6,97,-11.73,-11.78
2016,4,7,98,-8.23,-8.19
2016,4,8,99,-6.24,-6.32
2016,4,9,100,-10.19,-10.23
2016,4,10,101,-9.66,-9.75
2016,4,11,102,-5.22,-5.33
2016,4,12,103,-7.51,-7.54
2016,4,13,104,-13.22,-13.29
2016,4,14,105,-13.36,-13.3
2016,4,15,106,-10.91,-10.87
2016,4,16,107,-13.97,-14.06
2016,4,17,108,-15.56,-15.22
2016,4,18,109,-19.15,-18.95
2016,4,19,110,-18.38,-17.92
2016,4,20,111,-20.82,-20.69
2016,4,21,112,-16.86,-16.93
2016,4,22,113,-12.27,-12.34
2016,4,23,114,-16.15,-16.22
2016,4,24,115,-15.86,-15.71
2016,4,25,116,-10.39,-10.4
2016,4,26,117,-4.88,-5.18
2016,4,27,118,-1.66,-1.74
2016,4,28,119,-4.31,-4.2
2016,4,29,120,-7.71,-7.54
2016,4,30,121,-12.18,-11.48
2016,5,1,122,-11,-10.77
2016,5,2,123,-6.98,-6.89
2016,5,3,124,-7.54,-7.2
2016,5,4,125,-8.33,-7.99
2016,5,5,126,-7.45,-7.09
2016,5,6,127,-7.47,-7.4
2016,5,7,128,-8.38,-8.05
2016,5,8,129,-6.75,-6.44
2016,5,9,130,-5.68,-5.45
2016,5,10,131,-6.7,-6.6
2016,5,11,132,-5.85,-5.89
2016,5,12,133,-4.52,-4.65
2016,5,13,134,-6.13,-6.22
2016,5,14,135,-8.59,-8.47
2016,5,15,136,-8.93,-8.66
2016,5,16,137,-6.56,-6.12
2016,5,17,138,-4.02,-3.51
2016,5,18,139,-3.95,-3.38
2016,5,19,140,-5.75,-5.7
2016,5,20,141,-5.06,-4.99
2016,5,21,142,-4.31,-4.09
2016,5,22,143,-3.79,-3.77
2016,5,23,144,-3.93,-3.85
2016,5,24,145,-3.13,-3.06
2016,5,25,146,-2.02,-2.03
2016,5,26,147,-6.43,-6.52
2016,5,27,148,-7.39,-7.32
2016,5,28,149,-6.49,-6.57
2016,5,29,150,-7.46,-7.06
2016,5,30,151,-6.24,-6.26
2016,5,31,152,-6.89,-7.03
2016,6,1,153,-7.82,-7.3
2016,6,2,154,-7.31,-6.74
2016,6,3,155,-8.02,-7.43
2016,6,4,156,-6.88,-6.86
2016,6,5,157,-3.55,-3.12
2016,6,6,158,-1.75,-1.63
2016,6,7,159,-2.29,-2.4
2016,6,8,160,-1.83,-1.96
2016,6,9,161,0.54,0.72
2016,6,10,162,2.79,3.16
2016,6,11,163,4.13,4.3
2016,6,12,164,0.25,-0.13
2016,6,13,165,-3.67,-3.7
2016,6,14,166,-3.11,-2.78
2016,6,15,167,-1.41,-1.08
2016,6,16,168,0.37,1.03
2016,6,17,169,3.38,3.55
2016,6,18,170,1.96,1.66
2016,6,19,171,-1.2,-0.59
2016,6,20,172,-0.31,0.06
2016,6,21,173,0.21,0.75
2016,6,22,174,-0.39,-0.51
2016,6,23,175,-1.76,-1.42
2016,6,24,176,-2.08,-2.26
2016,6,25,177,0.49,0.22
2016,6,26,178,2.23,1.97
2016,6,27,179,1.7,1.91
2016,6,28,180,2.75,2.53
2016,6,29,181,4.19,4.35
2016,6,30,182,0.34,-0.1
2016,7,1,183,-1.2,-1.26
2016,7,2,184,-1.15,-1.4
2016,7,3,185,0.45,0.7
2016,7,4,186,2.82,3.18
2016,7,5,187,4.04,4.28
2016,7,6,188,4.29,4.21
2016,7,7,189,5.59,5.34
2016,7,8,190,3.58,3.45
2016,7,9,191,3.46,3.06
2016,7,10,192,2.73,2.22
2016,7,11,193,3.55,3.6
2016,7,12,194,4.3,4.6
2016,7,13,195,3.84,3.86
2016,7,14,196,3.16,3.21
2016,7,15,197,2.86,2.66
2016,7,16,198,5.58,5.84
2016,7,17,199,4.1,4
2016,7,18,200,3.36,3.44
2016,7,19,201,2.11,2.17
2016,7,20,202,0.52,0.57
2016,7,21,203,1.94,2
2016,7,22,204,-999,-999
2016,7,23,205,-999,-999
2016,7,24,206,-999,-999
2016,7,25,207,1.79,1.68
2016,7,26,208,-999,-999
2016,7,27,209,1.51,1.44
2016,7,28,210,1.79,1.7
2016,7,29,211,-999,-999
2016,7,30,212,-999,-999
2016,7,31,213,-999,-999
2016,8,1,214,1.42,1.39
2016,8,2,215,-999,-999
2016,8,3,216,-999,-999
2016,8,4,217,1.04,0.9
2016,8,5,218,-999,-999
2016,8,6,219,-999,-999
2016,8,7,220,-0.31,-0.41
2016,8,8,221,1.68,1.65
2016,8,9,222,2.95,2.92
2016,8,10,223,2.87,2.81
2016,8,11,224,2.91,2.87
2016,8,12,225,1.46,1.38
2016,8,13,226,-999,-999
2016,8,14,227,0.85,0.77
2016,8,15,228,-999,-999
2016,8,16,229,-999,-999
2016,8,17,230,-1.74,-1.89
2016,8,18,231,-999,-999
2016,8,19,232,-1.02,-1.16
2016,8,20,233,-999,-999
2016,8,21,234,-0.76,-0.9
2016,8,22,235,-999,-999
2016,8,23,236,-999,-999
2016,8,24,237,-999,-999
2016,8,25,238,5.19,5.08
2016,8,26,239,-999,-999
2016,8,27,240,-999,-999
2016,8,28,241,1.91,1.83
2016,8,29,242,-999,-999
2016,8,30,243,-999,-999
2016,8,31,244,-999,-999
2016,9,1,245,-999,-999
2016,9,2,246,-999,-999
2016,9,3,247,-999,-999
2016,9,4,248,-999,-999
2016,9,5,249,-999,-999
2016,9,6,250,-5.35,-5.45
2016,9,7,251,-4.54,-4.68
2016,9,8,252,-999,-999
2016,9,9,253,-999,-999
2016,9,10,254,-999,-999
2016,9,11,255,-6.96,-7.14
2016,9,12,256,-999,-999
2016,9,13,257,-999,-999
2016,9,14,258,-999,-999
2016,9,15,259,-5.2,-5.38
2016,9,16,260,-999,-999
